Sr#,Category,Sub-Category,File Name,Extension,Label,Full Path
1,Garbage,No Garbage,Img (1).jpeg,JPEG,No,D:\final-project1\final year project\datasets\data\garbage\no\Img (1).jpeg
2,Garbage,No Garbage,Img (1).jpg,JPG,No,D:\final-project1\final year project\datasets\data\garbage\no\Img (1).jpg
3,Garbage,No Garbage,Img (1).png,PNG,No,D:\final-project1\final year project\datasets\data\garbage\no\Img (1).png
4,Garbage,No Garbage,Img (10).jpeg,JPEG,No,D:\final-project1\final year project\datasets\data\garbage\no\Img (10).jpeg
5,Garbage,No Garbage,Img (10).jpg,JPG,No,D:\final-project1\final year project\datasets\data\garbage\no\Img (10).jpg
6,Garbage,No Garbage,Img (100).jpeg,JPEG,No,D:\final-project1\final year project\datasets\data\garbage\no\Img (100).jpeg
7,Garbage,No Garbage,Img (100).jpg,JPG,No,D:\final-project1\final year project\datasets\data\garbage\no\Img (100).jpg
8,Garbage,No Garbage,Img (11).jpeg,JPEG,No,D:\final-project1\final year project\datasets\data\garbage\no\Img (11).jpeg
9,Garbage,No Garbage,Img (11).jpg,JPG,No,D:\final-project1\final year project\datasets\data\garbage\no\Img (11).jpg
10,Garbage,No Garbage,Img (12).jpeg,JPEG,No,D:\final-project1\final year project\datasets\data\garbage\no\Img (12).jpeg
11,Garbage,No Garbage,Img (12).jpg,JPG,No,D:\final-project1\final year project\datasets\data\garbage\no\Img (12).jpg
12,Garbage,No Garbage,Img (13).jpeg,JPEG,No,D:\final-project1\final year project\datasets\data\garbage\no\Img (13).jpeg
13,Garbage,No Garbage,Img (13).jpg,JPG,No,D:\final-project1\final year project\datasets\data\garbage\no\Img (13).jpg
14,Garbage,No Garbage,Img (14).jpeg,JPEG,No,D:\final-project1\final year project\datasets\data\garbage\no\Img (14).jpeg
15,Garbage,No Garbage,Img (14).jpg,JPG,No,D:\final-project1\final year project\datasets\data\garbage\no\Img (14).jpg
16,Garbage,No Garbage,Img (15).jpeg,JPEG,No,D:\final-project1\final year project\datasets\data\garbage\no\Img (15).jpeg
17,Garbage,No Garbage,Img (15).jpg,JPG,No,D:\final-project1\final year project\datasets\data\garbage\no\Img (15).jpg
18,Garbage,No Garbage,Img (16).jpeg,JPEG,No,D:\final-project1\final year project\datasets\data\garbage\no\Img (16).jpeg
19,Garbage,No Garbage,Img (16).jpg,JPG,No,D:\final-project1\final year project\datasets\data\garbage\no\Img (16).jpg
20,Garbage,No Garbage,Img (17).jpeg,JPEG,No,D:\final-project1\final year project\datasets\data\garbage\no\Img (17).jpeg
21,Garbage,No Garbage,Img (17).jpg,JPG,No,D:\final-project1\final year project\datasets\data\garbage\no\Img (17).jpg
22,Garbage,No Garbage,Img (18).jpeg,JPEG,No,D:\final-project1\final year project\datasets\data\garbage\no\Img (18).jpeg
23,Garbage,No Garbage,Img (18).jpg,JPG,No,D:\final-project1\final year project\datasets\data\garbage\no\Img (18).jpg
24,Garbage,No Garbage,Img (19).jpeg,JPEG,No,D:\final-project1\final year project\datasets\data\garbage\no\Img (19).jpeg
25,Garbage,No Garbage,Img (19).jpg,JPG,No,D:\final-project1\final year project\datasets\data\garbage\no\Img (19).jpg
26,Garbage,No Garbage,Img (2).jpeg,JPEG,No,D:\final-project1\final year project\datasets\data\garbage\no\Img (2).jpeg
27,Garbage,No Garbage,Img (2).jpg,JPG,No,D:\final-project1\final year project\datasets\data\garbage\no\Img (2).jpg
28,Garbage,No Garbage,Img (20).jpeg,JPEG,No,D:\final-project1\final year project\datasets\data\garbage\no\Img (20).jpeg
29,Garbage,No Garbage,Img (20).jpg,JPG,No,D:\final-project1\final year project\datasets\data\garbage\no\Img (20).jpg
30,Garbage,No Garbage,Img (21).jpeg,JPEG,No,D:\final-project1\final year project\datasets\data\garbage\no\Img (21).jpeg
31,Garbage,No Garbage,Img (21).jpg,JPG,No,D:\final-project1\final year project\datasets\data\garbage\no\Img (21).jpg
32,Garbage,No Garbage,Img (22).jpeg,JPEG,No,D:\final-project1\final year project\datasets\data\garbage\no\Img (22).jpeg
33,Garbage,No Garbage,Img (22).jpg,JPG,No,D:\final-project1\final year project\datasets\data\garbage\no\Img (22).jpg
34,Garbage,No Garbage,Img (23).jpeg,JPEG,No,D:\final-project1\final year project\datasets\data\garbage\no\Img (23).jpeg
35,Garbage,No Garbage,Img (23).jpg,JPG,No,D:\final-project1\final year project\datasets\data\garbage\no\Img (23).jpg
36,Garbage,No Garbage,Img (24).jpeg,JPEG,No,D:\final-project1\final year project\datasets\data\garbage\no\Img (24).jpeg
37,Garbage,No Garbage,Img (24).jpg,JPG,No,D:\final-project1\final year project\datasets\data\garbage\no\Img (24).jpg
38,Garbage,No Garbage,Img (25).jpeg,JPEG,No,D:\final-project1\final year project\datasets\data\garbage\no\Img (25).jpeg
39,Garbage,No Garbage,Img (25).jpg,JPG,No,D:\final-project1\final year project\datasets\data\garbage\no\Img (25).jpg
40,Garbage,No Garbage,Img (26).jpeg,JPEG,No,D:\final-project1\final year project\datasets\data\garbage\no\Img (26).jpeg
41,Garbage,No Garbage,Img (26).jpg,JPG,No,D:\final-project1\final year project\datasets\data\garbage\no\Img (26).jpg
42,Garbage,No Garbage,Img (27).jpeg,JPEG,No,D:\final-project1\final year project\datasets\data\garbage\no\Img (27).jpeg
43,Garbage,No Garbage,Img (27).jpg,JPG,No,D:\final-project1\final year project\datasets\data\garbage\no\Img (27).jpg
44,Garbage,No Garbage,Img (28).jpeg,JPEG,No,D:\final-project1\final year project\datasets\data\garbage\no\Img (28).jpeg
45,Garbage,No Garbage,Img (28).jpg,JPG,No,D:\final-project1\final year project\datasets\data\garbage\no\Img (28).jpg
46,Garbage,No Garbage,Img (29).jpeg,JPEG,No,D:\final-project1\final year project\datasets\data\garbage\no\Img (29).jpeg
47,Garbage,No Garbage,Img (29).jpg,JPG,No,D:\final-project1\final year project\datasets\data\garbage\no\Img (29).jpg
48,Garbage,No Garbage,Img (3).jpeg,JPEG,No,D:\final-project1\final year project\datasets\data\garbage\no\Img (3).jpeg
49,Garbage,No Garbage,Img (3).jpg,JPG,No,D:\final-project1\final year project\datasets\data\garbage\no\Img (3).jpg
50,Garbage,No Garbage,Img (30).jpeg,JPEG,No,D:\final-project1\final year project\datasets\data\garbage\no\Img (30).jpeg
51,Garbage,No Garbage,Img (30).jpg,JPG,No,D:\final-project1\final year project\datasets\data\garbage\no\Img (30).jpg
52,Garbage,No Garbage,Img (31).jpeg,JPEG,No,D:\final-project1\final year project\datasets\data\garbage\no\Img (31).jpeg
53,Garbage,No Garbage,Img (31).jpg,JPG,No,D:\final-project1\final year project\datasets\data\garbage\no\Img (31).jpg
54,Garbage,No Garbage,Img (32).jpeg,JPEG,No,D:\final-project1\final year project\datasets\data\garbage\no\Img (32).jpeg
55,Garbage,No Garbage,Img (32).jpg,JPG,No,D:\final-project1\final year project\datasets\data\garbage\no\Img (32).jpg
56,Garbage,No Garbage,Img (33).jpeg,JPEG,No,D:\final-project1\final year project\datasets\data\garbage\no\Img (33).jpeg
57,Garbage,No Garbage,Img (33).jpg,JPG,No,D:\final-project1\final year project\datasets\data\garbage\no\Img (33).jpg
58,Garbage,No Garbage,Img (34).jpeg,JPEG,No,D:\final-project1\final year project\datasets\data\garbage\no\Img (34).jpeg
59,Garbage,No Garbage,Img (34).jpg,JPG,No,D:\final-project1\final year project\datasets\data\garbage\no\Img (34).jpg
60,Garbage,No Garbage,Img (35).jpeg,JPEG,No,D:\final-project1\final year project\datasets\data\garbage\no\Img (35).jpeg
61,Garbage,No Garbage,Img (35).jpg,JPG,No,D:\final-project1\final year project\datasets\data\garbage\no\Img (35).jpg
62,Garbage,No Garbage,Img (36).jpeg,JPEG,No,D:\final-project1\final year project\datasets\data\garbage\no\Img (36).jpeg
63,Garbage,No Garbage,Img (36).jpg,JPG,No,D:\final-project1\final year project\datasets\data\garbage\no\Img (36).jpg
64,Garbage,No Garbage,Img (37).jpeg,JPEG,No,D:\final-project1\final year project\datasets\data\garbage\no\Img (37).jpeg
65,Garbage,No Garbage,Img (37).jpg,JPG,No,D:\final-project1\final year project\datasets\data\garbage\no\Img (37).jpg
66,Garbage,No Garbage,Img (38).jpeg,JPEG,No,D:\final-project1\final year project\datasets\data\garbage\no\Img (38).jpeg
67,Garbage,No Garbage,Img (38).jpg,JPG,No,D:\final-project1\final year project\datasets\data\garbage\no\Img (38).jpg
68,Garbage,No Garbage,Img (39).jpeg,JPEG,No,D:\final-project1\final year project\datasets\data\garbage\no\Img (39).jpeg
69,Garbage,No Garbage,Img (39).jpg,JPG,No,D:\final-project1\final year project\datasets\data\garbage\no\Img (39).jpg
70,Garbage,No Garbage,Img (4).jpeg,JPEG,No,D:\final-project1\final year project\datasets\data\garbage\no\Img (4).jpeg
71,Garbage,No Garbage,Img (4).jpg,JPG,No,D:\final-project1\final year project\datasets\data\garbage\no\Img (4).jpg
72,Garbage,No Garbage,Img (40).jpeg,JPEG,No,D:\final-project1\final year project\datasets\data\garbage\no\Img (40).jpeg
73,Garbage,No Garbage,Img (40).jpg,JPG,No,D:\final-project1\final year project\datasets\data\garbage\no\Img (40).jpg
74,Garbage,No Garbage,Img (41).jpeg,JPEG,No,D:\final-project1\final year project\datasets\data\garbage\no\Img (41).jpeg
75,Garbage,No Garbage,Img (41).jpg,JPG,No,D:\final-project1\final year project\datasets\data\garbage\no\Img (41).jpg
76,Garbage,No Garbage,Img (42).jpeg,JPEG,No,D:\final-project1\final year project\datasets\data\garbage\no\Img (42).jpeg
77,Garbage,No Garbage,Img (42).jpg,JPG,No,D:\final-project1\final year project\datasets\data\garbage\no\Img (42).jpg
78,Garbage,No Garbage,Img (43).jpeg,JPEG,No,D:\final-project1\final year project\datasets\data\garbage\no\Img (43).jpeg
79,Garbage,No Garbage,Img (43).jpg,JPG,No,D:\final-project1\final year project\datasets\data\garbage\no\Img (43).jpg
80,Garbage,No Garbage,Img (44).jpeg,JPEG,No,D:\final-project1\final year project\datasets\data\garbage\no\Img (44).jpeg
81,Garbage,No Garbage,Img (44).jpg,JPG,No,D:\final-project1\final year project\datasets\data\garbage\no\Img (44).jpg
82,Garbage,No Garbage,Img (45).jpeg,JPEG,No,D:\final-project1\final year project\datasets\data\garbage\no\Img (45).jpeg
83,Garbage,No Garbage,Img (45).jpg,JPG,No,D:\final-project1\final year project\datasets\data\garbage\no\Img (45).jpg
84,Garbage,No Garbage,Img (46).jpeg,JPEG,No,D:\final-project1\final year project\datasets\data\garbage\no\Img (46).jpeg
85,Garbage,No Garbage,Img (46).jpg,JPG,No,D:\final-project1\final year project\datasets\data\garbage\no\Img (46).jpg
86,Garbage,No Garbage,Img (47).jpeg,JPEG,No,D:\final-project1\final year project\datasets\data\garbage\no\Img (47).jpeg
87,Garbage,No Garbage,Img (47).jpg,JPG,No,D:\final-project1\final year project\datasets\data\garbage\no\Img (47).jpg
88,Garbage,No Garbage,Img (48).jpeg,JPEG,No,D:\final-project1\final year project\datasets\data\garbage\no\Img (48).jpeg
89,Garbage,No Garbage,Img (48).jpg,JPG,No,D:\final-project1\final year project\datasets\data\garbage\no\Img (48).jpg
90,Garbage,No Garbage,Img (49).jpeg,JPEG,No,D:\final-project1\final year project\datasets\data\garbage\no\Img (49).jpeg
91,Garbage,No Garbage,Img (49).jpg,JPG,No,D:\final-project1\final year project\datasets\data\garbage\no\Img (49).jpg
92,Garbage,No Garbage,Img (5).jpeg,JPEG,No,D:\final-project1\final year project\datasets\data\garbage\no\Img (5).jpeg
93,Garbage,No Garbage,Img (5).jpg,JPG,No,D:\final-project1\final year project\datasets\data\garbage\no\Img (5).jpg
94,Garbage,No Garbage,Img (50).jpeg,JPEG,No,D:\final-project1\final year project\datasets\data\garbage\no\Img (50).jpeg
95,Garbage,No Garbage,Img (50).jpg,JPG,No,D:\final-project1\final year project\datasets\data\garbage\no\Img (50).jpg
96,Garbage,No Garbage,Img (51).jpeg,JPEG,No,D:\final-project1\final year project\datasets\data\garbage\no\Img (51).jpeg
97,Garbage,No Garbage,Img (51).jpg,JPG,No,D:\final-project1\final year project\datasets\data\garbage\no\Img (51).jpg
98,Garbage,No Garbage,Img (52).jpeg,JPEG,No,D:\final-project1\final year project\datasets\data\garbage\no\Img (52).jpeg
99,Garbage,No Garbage,Img (52).jpg,JPG,No,D:\final-project1\final year project\datasets\data\garbage\no\Img (52).jpg
100,Garbage,No Garbage,Img (53).jpeg,JPEG,No,D:\final-project1\final year project\datasets\data\garbage\no\Img (53).jpeg
101,Garbage,No Garbage,Img (53).jpg,JPG,No,D:\final-project1\final year project\datasets\data\garbage\no\Img (53).jpg
102,Garbage,No Garbage,Img (54).jpeg,JPEG,No,D:\final-project1\final year project\datasets\data\garbage\no\Img (54).jpeg
103,Garbage,No Garbage,Img (54).jpg,JPG,No,D:\final-project1\final year project\datasets\data\garbage\no\Img (54).jpg
104,Garbage,No Garbage,Img (55).jpeg,JPEG,No,D:\final-project1\final year project\datasets\data\garbage\no\Img (55).jpeg
105,Garbage,No Garbage,Img (55).jpg,JPG,No,D:\final-project1\final year project\datasets\data\garbage\no\Img (55).jpg
106,Garbage,No Garbage,Img (56).jpeg,JPEG,No,D:\final-project1\final year project\datasets\data\garbage\no\Img (56).jpeg
107,Garbage,No Garbage,Img (56).jpg,JPG,No,D:\final-project1\final year project\datasets\data\garbage\no\Img (56).jpg
108,Garbage,No Garbage,Img (57).jpeg,JPEG,No,D:\final-project1\final year project\datasets\data\garbage\no\Img (57).jpeg
109,Garbage,No Garbage,Img (57).jpg,JPG,No,D:\final-project1\final year project\datasets\data\garbage\no\Img (57).jpg
110,Garbage,No Garbage,Img (58).jpeg,JPEG,No,D:\final-project1\final year project\datasets\data\garbage\no\Img (58).jpeg
111,Garbage,No Garbage,Img (58).jpg,JPG,No,D:\final-project1\final year project\datasets\data\garbage\no\Img (58).jpg
112,Garbage,No Garbage,Img (59).jpeg,JPEG,No,D:\final-project1\final year project\datasets\data\garbage\no\Img (59).jpeg
113,Garbage,No Garbage,Img (59).jpg,JPG,No,D:\final-project1\final year project\datasets\data\garbage\no\Img (59).jpg
114,Garbage,No Garbage,Img (6).jpeg,JPEG,No,D:\final-project1\final year project\datasets\data\garbage\no\Img (6).jpeg
115,Garbage,No Garbage,Img (6).jpg,JPG,No,D:\final-project1\final year project\datasets\data\garbage\no\Img (6).jpg
116,Garbage,No Garbage,Img (60).jpeg,JPEG,No,D:\final-project1\final year project\datasets\data\garbage\no\Img (60).jpeg
117,Garbage,No Garbage,Img (60).jpg,JPG,No,D:\final-project1\final year project\datasets\data\garbage\no\Img (60).jpg
118,Garbage,No Garbage,Img (61).jpeg,JPEG,No,D:\final-project1\final year project\datasets\data\garbage\no\Img (61).jpeg
119,Garbage,No Garbage,Img (61).jpg,JPG,No,D:\final-project1\final year project\datasets\data\garbage\no\Img (61).jpg
120,Garbage,No Garbage,Img (62).jpeg,JPEG,No,D:\final-project1\final year project\datasets\data\garbage\no\Img (62).jpeg
121,Garbage,No Garbage,Img (62).jpg,JPG,No,D:\final-project1\final year project\datasets\data\garbage\no\Img (62).jpg
122,Garbage,No Garbage,Img (63).jpeg,JPEG,No,D:\final-project1\final year project\datasets\data\garbage\no\Img (63).jpeg
123,Garbage,No Garbage,Img (63).jpg,JPG,No,D:\final-project1\final year project\datasets\data\garbage\no\Img (63).jpg
124,Garbage,No Garbage,Img (64).jpeg,JPEG,No,D:\final-project1\final year project\datasets\data\garbage\no\Img (64).jpeg
125,Garbage,No Garbage,Img (64).jpg,JPG,No,D:\final-project1\final year project\datasets\data\garbage\no\Img (64).jpg
126,Garbage,No Garbage,Img (65).jpeg,JPEG,No,D:\final-project1\final year project\datasets\data\garbage\no\Img (65).jpeg
127,Garbage,No Garbage,Img (65).jpg,JPG,No,D:\final-project1\final year project\datasets\data\garbage\no\Img (65).jpg
128,Garbage,No Garbage,Img (66).jpeg,JPEG,No,D:\final-project1\final year project\datasets\data\garbage\no\Img (66).jpeg
129,Garbage,No Garbage,Img (66).jpg,JPG,No,D:\final-project1\final year project\datasets\data\garbage\no\Img (66).jpg
130,Garbage,No Garbage,Img (67).jpeg,JPEG,No,D:\final-project1\final year project\datasets\data\garbage\no\Img (67).jpeg
131,Garbage,No Garbage,Img (67).jpg,JPG,No,D:\final-project1\final year project\datasets\data\garbage\no\Img (67).jpg
132,Garbage,No Garbage,Img (68).jpeg,JPEG,No,D:\final-project1\final year project\datasets\data\garbage\no\Img (68).jpeg
133,Garbage,No Garbage,Img (68).jpg,JPG,No,D:\final-project1\final year project\datasets\data\garbage\no\Img (68).jpg
134,Garbage,No Garbage,Img (69).jpeg,JPEG,No,D:\final-project1\final year project\datasets\data\garbage\no\Img (69).jpeg
135,Garbage,No Garbage,Img (69).jpg,JPG,No,D:\final-project1\final year project\datasets\data\garbage\no\Img (69).jpg
136,Garbage,No Garbage,Img (7).jpeg,JPEG,No,D:\final-project1\final year project\datasets\data\garbage\no\Img (7).jpeg
137,Garbage,No Garbage,Img (7).jpg,JPG,No,D:\final-project1\final year project\datasets\data\garbage\no\Img (7).jpg
138,Garbage,No Garbage,Img (70).jpeg,JPEG,No,D:\final-project1\final year project\datasets\data\garbage\no\Img (70).jpeg
139,Garbage,No Garbage,Img (70).jpg,JPG,No,D:\final-project1\final year project\datasets\data\garbage\no\Img (70).jpg
140,Garbage,No Garbage,Img (71).jpeg,JPEG,No,D:\final-project1\final year project\datasets\data\garbage\no\Img (71).jpeg
141,Garbage,No Garbage,Img (71).jpg,JPG,No,D:\final-project1\final year project\datasets\data\garbage\no\Img (71).jpg
142,Garbage,No Garbage,Img (72).jpeg,JPEG,No,D:\final-project1\final year project\datasets\data\garbage\no\Img (72).jpeg
143,Garbage,No Garbage,Img (72).jpg,JPG,No,D:\final-project1\final year project\datasets\data\garbage\no\Img (72).jpg
144,Garbage,No Garbage,Img (73).jpeg,JPEG,No,D:\final-project1\final year project\datasets\data\garbage\no\Img (73).jpeg
145,Garbage,No Garbage,Img (73).jpg,JPG,No,D:\final-project1\final year project\datasets\data\garbage\no\Img (73).jpg
146,Garbage,No Garbage,Img (74).jpeg,JPEG,No,D:\final-project1\final year project\datasets\data\garbage\no\Img (74).jpeg
147,Garbage,No Garbage,Img (74).jpg,JPG,No,D:\final-project1\final year project\datasets\data\garbage\no\Img (74).jpg
148,Garbage,No Garbage,Img (75).jpeg,JPEG,No,D:\final-project1\final year project\datasets\data\garbage\no\Img (75).jpeg
149,Garbage,No Garbage,Img (75).jpg,JPG,No,D:\final-project1\final year project\datasets\data\garbage\no\Img (75).jpg
150,Garbage,No Garbage,Img (76).jpeg,JPEG,No,D:\final-project1\final year project\datasets\data\garbage\no\Img (76).jpeg
151,Garbage,No Garbage,Img (76).jpg,JPG,No,D:\final-project1\final year project\datasets\data\garbage\no\Img (76).jpg
152,Garbage,No Garbage,Img (77).jpeg,JPEG,No,D:\final-project1\final year project\datasets\data\garbage\no\Img (77).jpeg
153,Garbage,No Garbage,Img (77).jpg,JPG,No,D:\final-project1\final year project\datasets\data\garbage\no\Img (77).jpg
154,Garbage,No Garbage,Img (78).jpeg,JPEG,No,D:\final-project1\final year project\datasets\data\garbage\no\Img (78).jpeg
155,Garbage,No Garbage,Img (78).jpg,JPG,No,D:\final-project1\final year project\datasets\data\garbage\no\Img (78).jpg
156,Garbage,No Garbage,Img (79).jpeg,JPEG,No,D:\final-project1\final year project\datasets\data\garbage\no\Img (79).jpeg
157,Garbage,No Garbage,Img (79).jpg,JPG,No,D:\final-project1\final year project\datasets\data\garbage\no\Img (79).jpg
158,Garbage,No Garbage,Img (8).jpeg,JPEG,No,D:\final-project1\final year project\datasets\data\garbage\no\Img (8).jpeg
159,Garbage,No Garbage,Img (8).jpg,JPG,No,D:\final-project1\final year project\datasets\data\garbage\no\Img (8).jpg
160,Garbage,No Garbage,Img (80).jpeg,JPEG,No,D:\final-project1\final year project\datasets\data\garbage\no\Img (80).jpeg
161,Garbage,No Garbage,Img (80).jpg,JPG,No,D:\final-project1\final year project\datasets\data\garbage\no\Img (80).jpg
162,Garbage,No Garbage,Img (81).jpeg,JPEG,No,D:\final-project1\final year project\datasets\data\garbage\no\Img (81).jpeg
163,Garbage,No Garbage,Img (81).jpg,JPG,No,D:\final-project1\final year project\datasets\data\garbage\no\Img (81).jpg
164,Garbage,No Garbage,Img (82).jpeg,JPEG,No,D:\final-project1\final year project\datasets\data\garbage\no\Img (82).jpeg
165,Garbage,No Garbage,Img (82).jpg,JPG,No,D:\final-project1\final year project\datasets\data\garbage\no\Img (82).jpg
166,Garbage,No Garbage,Img (83).jpeg,JPEG,No,D:\final-project1\final year project\datasets\data\garbage\no\Img (83).jpeg
167,Garbage,No Garbage,Img (83).jpg,JPG,No,D:\final-project1\final year project\datasets\data\garbage\no\Img (83).jpg
168,Garbage,No Garbage,Img (84).jpeg,JPEG,No,D:\final-project1\final year project\datasets\data\garbage\no\Img (84).jpeg
169,Garbage,No Garbage,Img (84).jpg,JPG,No,D:\final-project1\final year project\datasets\data\garbage\no\Img (84).jpg
170,Garbage,No Garbage,Img (85).jpeg,JPEG,No,D:\final-project1\final year project\datasets\data\garbage\no\Img (85).jpeg
171,Garbage,No Garbage,Img (85).jpg,JPG,No,D:\final-project1\final year project\datasets\data\garbage\no\Img (85).jpg
172,Garbage,No Garbage,Img (86).jpeg,JPEG,No,D:\final-project1\final year project\datasets\data\garbage\no\Img (86).jpeg
173,Garbage,No Garbage,Img (86).jpg,JPG,No,D:\final-project1\final year project\datasets\data\garbage\no\Img (86).jpg
174,Garbage,No Garbage,Img (87).jpeg,JPEG,No,D:\final-project1\final year project\datasets\data\garbage\no\Img (87).jpeg
175,Garbage,No Garbage,Img (87).jpg,JPG,No,D:\final-project1\final year project\datasets\data\garbage\no\Img (87).jpg
176,Garbage,No Garbage,Img (88).jpeg,JPEG,No,D:\final-project1\final year project\datasets\data\garbage\no\Img (88).jpeg
177,Garbage,No Garbage,Img (88).jpg,JPG,No,D:\final-project1\final year project\datasets\data\garbage\no\Img (88).jpg
178,Garbage,No Garbage,Img (89).jpeg,JPEG,No,D:\final-project1\final year project\datasets\data\garbage\no\Img (89).jpeg
179,Garbage,No Garbage,Img (89).jpg,JPG,No,D:\final-project1\final year project\datasets\data\garbage\no\Img (89).jpg
180,Garbage,No Garbage,Img (9).jpeg,JPEG,No,D:\final-project1\final year project\datasets\data\garbage\no\Img (9).jpeg
181,Garbage,No Garbage,Img (9).jpg,JPG,No,D:\final-project1\final year project\datasets\data\garbage\no\Img (9).jpg
182,Garbage,No Garbage,Img (90).jpeg,JPEG,No,D:\final-project1\final year project\datasets\data\garbage\no\Img (90).jpeg
183,Garbage,No Garbage,Img (90).jpg,JPG,No,D:\final-project1\final year project\datasets\data\garbage\no\Img (90).jpg
184,Garbage,No Garbage,Img (91).jpeg,JPEG,No,D:\final-project1\final year project\datasets\data\garbage\no\Img (91).jpeg
185,Garbage,No Garbage,Img (91).jpg,JPG,No,D:\final-project1\final year project\datasets\data\garbage\no\Img (91).jpg
186,Garbage,No Garbage,Img (92).jpeg,JPEG,No,D:\final-project1\final year project\datasets\data\garbage\no\Img (92).jpeg
187,Garbage,No Garbage,Img (92).jpg,JPG,No,D:\final-project1\final year project\datasets\data\garbage\no\Img (92).jpg
188,Garbage,No Garbage,Img (93).jpeg,JPEG,No,D:\final-project1\final year project\datasets\data\garbage\no\Img (93).jpeg
189,Garbage,No Garbage,Img (93).jpg,JPG,No,D:\final-project1\final year project\datasets\data\garbage\no\Img (93).jpg
190,Garbage,No Garbage,Img (94).jpeg,JPEG,No,D:\final-project1\final year project\datasets\data\garbage\no\Img (94).jpeg
191,Garbage,No Garbage,Img (94).jpg,JPG,No,D:\final-project1\final year project\datasets\data\garbage\no\Img (94).jpg
192,Garbage,No Garbage,Img (95).jpeg,JPEG,No,D:\final-project1\final year project\datasets\data\garbage\no\Img (95).jpeg
193,Garbage,No Garbage,Img (95).jpg,JPG,No,D:\final-project1\final year project\datasets\data\garbage\no\Img (95).jpg
194,Garbage,No Garbage,Img (96).jpeg,JPEG,No,D:\final-project1\final year project\datasets\data\garbage\no\Img (96).jpeg
195,Garbage,No Garbage,Img (96).jpg,JPG,No,D:\final-project1\final year project\datasets\data\garbage\no\Img (96).jpg
196,Garbage,No Garbage,Img (97).jpeg,JPEG,No,D:\final-project1\final year project\datasets\data\garbage\no\Img (97).jpeg
197,Garbage,No Garbage,Img (97).jpg,JPG,No,D:\final-project1\final year project\datasets\data\garbage\no\Img (97).jpg
198,Garbage,No Garbage,Img (98).jpeg,JPEG,No,D:\final-project1\final year project\datasets\data\garbage\no\Img (98).jpeg
199,Garbage,No Garbage,Img (98).jpg,JPG,No,D:\final-project1\final year project\datasets\data\garbage\no\Img (98).jpg
200,Garbage,No Garbage,Img (99).jpeg,JPEG,No,D:\final-project1\final year project\datasets\data\garbage\no\Img (99).jpeg
201,Garbage,No Garbage,Img (99).jpg,JPG,No,D:\final-project1\final year project\datasets\data\garbage\no\Img (99).jpg
202,Garbage,Has Garbage,IMG (1).jpg,JPG,Yes,D:\final-project1\final year project\datasets\data\garbage\yes\IMG (1).jpg
203,Garbage,Has Garbage,IMG (10).jpg,JPG,Yes,D:\final-project1\final year project\datasets\data\garbage\yes\IMG (10).jpg
204,Garbage,Has Garbage,IMG (100).jpg,JPG,Yes,D:\final-project1\final year project\datasets\data\garbage\yes\IMG (100).jpg
205,Garbage,Has Garbage,IMG (11).jpg,JPG,Yes,D:\final-project1\final year project\datasets\data\garbage\yes\IMG (11).jpg
206,Garbage,Has Garbage,IMG (12).jpg,JPG,Yes,D:\final-project1\final year project\datasets\data\garbage\yes\IMG (12).jpg
207,Garbage,Has Garbage,IMG (13).jpg,JPG,Yes,D:\final-project1\final year project\datasets\data\garbage\yes\IMG (13).jpg
208,Garbage,Has Garbage,IMG (14).jpg,JPG,Yes,D:\final-project1\final year project\datasets\data\garbage\yes\IMG (14).jpg
209,Garbage,Has Garbage,IMG (15).jpg,JPG,Yes,D:\final-project1\final year project\datasets\data\garbage\yes\IMG (15).jpg
210,Garbage,Has Garbage,IMG (16).jpg,JPG,Yes,D:\final-project1\final year project\datasets\data\garbage\yes\IMG (16).jpg
211,Garbage,Has Garbage,IMG (17).jpg,JPG,Yes,D:\final-project1\final year project\datasets\data\garbage\yes\IMG (17).jpg
212,Garbage,Has Garbage,IMG (18).jpg,JPG,Yes,D:\final-project1\final year project\datasets\data\garbage\yes\IMG (18).jpg
213,Garbage,Has Garbage,IMG (19).jpg,JPG,Yes,D:\final-project1\final year project\datasets\data\garbage\yes\IMG (19).jpg
214,Garbage,Has Garbage,IMG (2).jpg,JPG,Yes,D:\final-project1\final year project\datasets\data\garbage\yes\IMG (2).jpg
215,Garbage,Has Garbage,IMG (20).jpg,JPG,Yes,D:\final-project1\final year project\datasets\data\garbage\yes\IMG (20).jpg
216,Garbage,Has Garbage,IMG (21).jpg,JPG,Yes,D:\final-project1\final year project\datasets\data\garbage\yes\IMG (21).jpg
217,Garbage,Has Garbage,IMG (22).jpg,JPG,Yes,D:\final-project1\final year project\datasets\data\garbage\yes\IMG (22).jpg
218,Garbage,Has Garbage,IMG (23).jpg,JPG,Yes,D:\final-project1\final year project\datasets\data\garbage\yes\IMG (23).jpg
219,Garbage,Has Garbage,IMG (24).jpg,JPG,Yes,D:\final-project1\final year project\datasets\data\garbage\yes\IMG (24).jpg
220,Garbage,Has Garbage,IMG (25).jpg,JPG,Yes,D:\final-project1\final year project\datasets\data\garbage\yes\IMG (25).jpg
221,Garbage,Has Garbage,IMG (26).jpg,JPG,Yes,D:\final-project1\final year project\datasets\data\garbage\yes\IMG (26).jpg
222,Garbage,Has Garbage,IMG (27).jpg,JPG,Yes,D:\final-project1\final year project\datasets\data\garbage\yes\IMG (27).jpg
223,Garbage,Has Garbage,IMG (28).jpg,JPG,Yes,D:\final-project1\final year project\datasets\data\garbage\yes\IMG (28).jpg
224,Garbage,Has Garbage,IMG (29).jpg,JPG,Yes,D:\final-project1\final year project\datasets\data\garbage\yes\IMG (29).jpg
225,Garbage,Has Garbage,IMG (3).jpg,JPG,Yes,D:\final-project1\final year project\datasets\data\garbage\yes\IMG (3).jpg
226,Garbage,Has Garbage,IMG (30).jpg,JPG,Yes,D:\final-project1\final year project\datasets\data\garbage\yes\IMG (30).jpg
227,Garbage,Has Garbage,IMG (31).jpg,JPG,Yes,D:\final-project1\final year project\datasets\data\garbage\yes\IMG (31).jpg
228,Garbage,Has Garbage,IMG (32).jpg,JPG,Yes,D:\final-project1\final year project\datasets\data\garbage\yes\IMG (32).jpg
229,Garbage,Has Garbage,IMG (33).jpg,JPG,Yes,D:\final-project1\final year project\datasets\data\garbage\yes\IMG (33).jpg
230,Garbage,Has Garbage,IMG (34).jpg,JPG,Yes,D:\final-project1\final year project\datasets\data\garbage\yes\IMG (34).jpg
231,Garbage,Has Garbage,IMG (35).jpg,JPG,Yes,D:\final-project1\final year project\datasets\data\garbage\yes\IMG (35).jpg
232,Garbage,Has Garbage,IMG (36).jpg,JPG,Yes,D:\final-project1\final year project\datasets\data\garbage\yes\IMG (36).jpg
233,Garbage,Has Garbage,IMG (37).jpg,JPG,Yes,D:\final-project1\final year project\datasets\data\garbage\yes\IMG (37).jpg
234,Garbage,Has Garbage,IMG (38).jpg,JPG,Yes,D:\final-project1\final year project\datasets\data\garbage\yes\IMG (38).jpg
235,Garbage,Has Garbage,IMG (39).jpg,JPG,Yes,D:\final-project1\final year project\datasets\data\garbage\yes\IMG (39).jpg
236,Garbage,Has Garbage,IMG (40).jpg,JPG,Yes,D:\final-project1\final year project\datasets\data\garbage\yes\IMG (40).jpg
237,Garbage,Has Garbage,IMG (41).jpg,JPG,Yes,D:\final-project1\final year project\datasets\data\garbage\yes\IMG (41).jpg
238,Garbage,Has Garbage,IMG (42).jpg,JPG,Yes,D:\final-project1\final year project\datasets\data\garbage\yes\IMG (42).jpg
239,Garbage,Has Garbage,IMG (43).jpg,JPG,Yes,D:\final-project1\final year project\datasets\data\garbage\yes\IMG (43).jpg
240,Garbage,Has Garbage,IMG (44).jpg,JPG,Yes,D:\final-project1\final year project\datasets\data\garbage\yes\IMG (44).jpg
241,Garbage,Has Garbage,IMG (45).jpg,JPG,Yes,D:\final-project1\final year project\datasets\data\garbage\yes\IMG (45).jpg
242,Garbage,Has Garbage,IMG (46).jpg,JPG,Yes,D:\final-project1\final year project\datasets\data\garbage\yes\IMG (46).jpg
243,Garbage,Has Garbage,IMG (47).jpg,JPG,Yes,D:\final-project1\final year project\datasets\data\garbage\yes\IMG (47).jpg
244,Garbage,Has Garbage,IMG (48).jpg,JPG,Yes,D:\final-project1\final year project\datasets\data\garbage\yes\IMG (48).jpg
245,Garbage,Has Garbage,IMG (49).jpg,JPG,Yes,D:\final-project1\final year project\datasets\data\garbage\yes\IMG (49).jpg
246,Garbage,Has Garbage,IMG (5).jpg,JPG,Yes,D:\final-project1\final year project\datasets\data\garbage\yes\IMG (5).jpg
247,Garbage,Has Garbage,IMG (50).jpg,JPG,Yes,D:\final-project1\final year project\datasets\data\garbage\yes\IMG (50).jpg
248,Garbage,Has Garbage,IMG (51).jpg,JPG,Yes,D:\final-project1\final year project\datasets\data\garbage\yes\IMG (51).jpg
249,Garbage,Has Garbage,IMG (52).jpg,JPG,Yes,D:\final-project1\final year project\datasets\data\garbage\yes\IMG (52).jpg
250,Garbage,Has Garbage,IMG (53).jpg,JPG,Yes,D:\final-project1\final year project\datasets\data\garbage\yes\IMG (53).jpg
251,Garbage,Has Garbage,IMG (54).jpg,JPG,Yes,D:\final-project1\final year project\datasets\data\garbage\yes\IMG (54).jpg
252,Garbage,Has Garbage,IMG (55).jpg,JPG,Yes,D:\final-project1\final year project\datasets\data\garbage\yes\IMG (55).jpg
253,Garbage,Has Garbage,IMG (56).jpg,JPG,Yes,D:\final-project1\final year project\datasets\data\garbage\yes\IMG (56).jpg
254,Garbage,Has Garbage,IMG (57).jpg,JPG,Yes,D:\final-project1\final year project\datasets\data\garbage\yes\IMG (57).jpg
255,Garbage,Has Garbage,IMG (58).jpg,JPG,Yes,D:\final-project1\final year project\datasets\data\garbage\yes\IMG (58).jpg
256,Garbage,Has Garbage,IMG (59).jpg,JPG,Yes,D:\final-project1\final year project\datasets\data\garbage\yes\IMG (59).jpg
257,Garbage,Has Garbage,IMG (6).jpg,JPG,Yes,D:\final-project1\final year project\datasets\data\garbage\yes\IMG (6).jpg
258,Garbage,Has Garbage,IMG (60).jpg,JPG,Yes,D:\final-project1\final year project\datasets\data\garbage\yes\IMG (60).jpg
259,Garbage,Has Garbage,IMG (61).jpg,JPG,Yes,D:\final-project1\final year project\datasets\data\garbage\yes\IMG (61).jpg
260,Garbage,Has Garbage,IMG (62).jpg,JPG,Yes,D:\final-project1\final year project\datasets\data\garbage\yes\IMG (62).jpg
261,Garbage,Has Garbage,IMG (63).jpg,JPG,Yes,D:\final-project1\final year project\datasets\data\garbage\yes\IMG (63).jpg
262,Garbage,Has Garbage,IMG (64).jpg,JPG,Yes,D:\final-project1\final year project\datasets\data\garbage\yes\IMG (64).jpg
263,Garbage,Has Garbage,IMG (65).jpg,JPG,Yes,D:\final-project1\final year project\datasets\data\garbage\yes\IMG (65).jpg
264,Garbage,Has Garbage,IMG (66).jpg,JPG,Yes,D:\final-project1\final year project\datasets\data\garbage\yes\IMG (66).jpg
265,Garbage,Has Garbage,IMG (67).jpg,JPG,Yes,D:\final-project1\final year project\datasets\data\garbage\yes\IMG (67).jpg
266,Garbage,Has Garbage,IMG (68).jpg,JPG,Yes,D:\final-project1\final year project\datasets\data\garbage\yes\IMG (68).jpg
267,Garbage,Has Garbage,IMG (69).jpg,JPG,Yes,D:\final-project1\final year project\datasets\data\garbage\yes\IMG (69).jpg
268,Garbage,Has Garbage,IMG (7).jpg,JPG,Yes,D:\final-project1\final year project\datasets\data\garbage\yes\IMG (7).jpg
269,Garbage,Has Garbage,IMG (70).jpg,JPG,Yes,D:\final-project1\final year project\datasets\data\garbage\yes\IMG (70).jpg
270,Garbage,Has Garbage,IMG (71).jpg,JPG,Yes,D:\final-project1\final year project\datasets\data\garbage\yes\IMG (71).jpg
271,Garbage,Has Garbage,IMG (72).jpg,JPG,Yes,D:\final-project1\final year project\datasets\data\garbage\yes\IMG (72).jpg
272,Garbage,Has Garbage,IMG (73).jpg,JPG,Yes,D:\final-project1\final year project\datasets\data\garbage\yes\IMG (73).jpg
273,Garbage,Has Garbage,IMG (74).jpg,JPG,Yes,D:\final-project1\final year project\datasets\data\garbage\yes\IMG (74).jpg
274,Garbage,Has Garbage,IMG (75).jpg,JPG,Yes,D:\final-project1\final year project\datasets\data\garbage\yes\IMG (75).jpg
275,Garbage,Has Garbage,IMG (76).jpg,JPG,Yes,D:\final-project1\final year project\datasets\data\garbage\yes\IMG (76).jpg
276,Garbage,Has Garbage,IMG (77).jpg,JPG,Yes,D:\final-project1\final year project\datasets\data\garbage\yes\IMG (77).jpg
277,Garbage,Has Garbage,IMG (78).jpg,JPG,Yes,D:\final-project1\final year project\datasets\data\garbage\yes\IMG (78).jpg
278,Garbage,Has Garbage,IMG (79).jpg,JPG,Yes,D:\final-project1\final year project\datasets\data\garbage\yes\IMG (79).jpg
279,Garbage,Has Garbage,IMG (8).jpg,JPG,Yes,D:\final-project1\final year project\datasets\data\garbage\yes\IMG (8).jpg
280,Garbage,Has Garbage,IMG (80).jpg,JPG,Yes,D:\final-project1\final year project\datasets\data\garbage\yes\IMG (80).jpg
281,Garbage,Has Garbage,IMG (81).jpg,JPG,Yes,D:\final-project1\final year project\datasets\data\garbage\yes\IMG (81).jpg
282,Garbage,Has Garbage,IMG (82).jpg,JPG,Yes,D:\final-project1\final year project\datasets\data\garbage\yes\IMG (82).jpg
283,Garbage,Has Garbage,IMG (83).jpg,JPG,Yes,D:\final-project1\final year project\datasets\data\garbage\yes\IMG (83).jpg
284,Garbage,Has Garbage,IMG (84).jpg,JPG,Yes,D:\final-project1\final year project\datasets\data\garbage\yes\IMG (84).jpg
285,Garbage,Has Garbage,IMG (85).jpg,JPG,Yes,D:\final-project1\final year project\datasets\data\garbage\yes\IMG (85).jpg
286,Garbage,Has Garbage,IMG (86).jpg,JPG,Yes,D:\final-project1\final year project\datasets\data\garbage\yes\IMG (86).jpg
287,Garbage,Has Garbage,IMG (87).jpg,JPG,Yes,D:\final-project1\final year project\datasets\data\garbage\yes\IMG (87).jpg
288,Garbage,Has Garbage,IMG (88).jpg,JPG,Yes,D:\final-project1\final year project\datasets\data\garbage\yes\IMG (88).jpg
289,Garbage,Has Garbage,IMG (89).jpg,JPG,Yes,D:\final-project1\final year project\datasets\data\garbage\yes\IMG (89).jpg
290,Garbage,Has Garbage,IMG (9).jpg,JPG,Yes,D:\final-project1\final year project\datasets\data\garbage\yes\IMG (9).jpg
291,Garbage,Has Garbage,IMG (90).jpg,JPG,Yes,D:\final-project1\final year project\datasets\data\garbage\yes\IMG (90).jpg
292,Garbage,Has Garbage,IMG (91).jpg,JPG,Yes,D:\final-project1\final year project\datasets\data\garbage\yes\IMG (91).jpg
293,Garbage,Has Garbage,IMG (92).jpg,JPG,Yes,D:\final-project1\final year project\datasets\data\garbage\yes\IMG (92).jpg
294,Garbage,Has Garbage,IMG (93).jpg,JPG,Yes,D:\final-project1\final year project\datasets\data\garbage\yes\IMG (93).jpg
295,Garbage,Has Garbage,IMG (94).jpg,JPG,Yes,D:\final-project1\final year project\datasets\data\garbage\yes\IMG (94).jpg
296,Garbage,Has Garbage,IMG (95).jpg,JPG,Yes,D:\final-project1\final year project\datasets\data\garbage\yes\IMG (95).jpg
297,Garbage,Has Garbage,IMG (96).jpg,JPG,Yes,D:\final-project1\final year project\datasets\data\garbage\yes\IMG (96).jpg
298,Garbage,Has Garbage,IMG (97).jpg,JPG,Yes,D:\final-project1\final year project\datasets\data\garbage\yes\IMG (97).jpg
299,Garbage,Has Garbage,IMG (98).jpg,JPG,Yes,D:\final-project1\final year project\datasets\data\garbage\yes\IMG (98).jpg
300,Garbage,Has Garbage,IMG (99).jpg,JPG,Yes,D:\final-project1\final year project\datasets\data\garbage\yes\IMG (99).jpg
301,Pothole,No Pothole,img (1).jpg,JPG,No,D:\final-project1\final year project\datasets\data\pothole\no\img (1).jpg
302,Pothole,No Pothole,img (10).jpg,JPG,No,D:\final-project1\final year project\datasets\data\pothole\no\img (10).jpg
303,Pothole,No Pothole,img (100).jpg,JPG,No,D:\final-project1\final year project\datasets\data\pothole\no\img (100).jpg
304,Pothole,No Pothole,img (11).jpg,JPG,No,D:\final-project1\final year project\datasets\data\pothole\no\img (11).jpg
305,Pothole,No Pothole,img (12).jpg,JPG,No,D:\final-project1\final year project\datasets\data\pothole\no\img (12).jpg
306,Pothole,No Pothole,img (13).jpg,JPG,No,D:\final-project1\final year project\datasets\data\pothole\no\img (13).jpg
307,Pothole,No Pothole,img (14).jpg,JPG,No,D:\final-project1\final year project\datasets\data\pothole\no\img (14).jpg
308,Pothole,No Pothole,img (15).jpg,JPG,No,D:\final-project1\final year project\datasets\data\pothole\no\img (15).jpg
309,Pothole,No Pothole,img (16).jpg,JPG,No,D:\final-project1\final year project\datasets\data\pothole\no\img (16).jpg
310,Pothole,No Pothole,img (17).jpg,JPG,No,D:\final-project1\final year project\datasets\data\pothole\no\img (17).jpg
311,Pothole,No Pothole,img (18).jpg,JPG,No,D:\final-project1\final year project\datasets\data\pothole\no\img (18).jpg
312,Pothole,No Pothole,img (19).jpg,JPG,No,D:\final-project1\final year project\datasets\data\pothole\no\img (19).jpg
313,Pothole,No Pothole,img (2).jpg,JPG,No,D:\final-project1\final year project\datasets\data\pothole\no\img (2).jpg
314,Pothole,No Pothole,img (20).jpg,JPG,No,D:\final-project1\final year project\datasets\data\pothole\no\img (20).jpg
315,Pothole,No Pothole,img (21).jpg,JPG,No,D:\final-project1\final year project\datasets\data\pothole\no\img (21).jpg
316,Pothole,No Pothole,img (22).jpg,JPG,No,D:\final-project1\final year project\datasets\data\pothole\no\img (22).jpg
317,Pothole,No Pothole,img (23).jpg,JPG,No,D:\final-project1\final year project\datasets\data\pothole\no\img (23).jpg
318,Pothole,No Pothole,img (24).jpg,JPG,No,D:\final-project1\final year project\datasets\data\pothole\no\img (24).jpg
319,Pothole,No Pothole,img (25).jpg,JPG,No,D:\final-project1\final year project\datasets\data\pothole\no\img (25).jpg
320,Pothole,No Pothole,img (26).jpg,JPG,No,D:\final-project1\final year project\datasets\data\pothole\no\img (26).jpg
321,Pothole,No Pothole,img (27).jpg,JPG,No,D:\final-project1\final year project\datasets\data\pothole\no\img (27).jpg
322,Pothole,No Pothole,img (28).jpg,JPG,No,D:\final-project1\final year project\datasets\data\pothole\no\img (28).jpg
323,Pothole,No Pothole,img (29).jpg,JPG,No,D:\final-project1\final year project\datasets\data\pothole\no\img (29).jpg
324,Pothole,No Pothole,img (3).jpg,JPG,No,D:\final-project1\final year project\datasets\data\pothole\no\img (3).jpg
325,Pothole,No Pothole,img (30).jpg,JPG,No,D:\final-project1\final year project\datasets\data\pothole\no\img (30).jpg
326,Pothole,No Pothole,img (31).jpg,JPG,No,D:\final-project1\final year project\datasets\data\pothole\no\img (31).jpg
327,Pothole,No Pothole,img (32).jpg,JPG,No,D:\final-project1\final year project\datasets\data\pothole\no\img (32).jpg
328,Pothole,No Pothole,img (33).jpg,JPG,No,D:\final-project1\final year project\datasets\data\pothole\no\img (33).jpg
329,Pothole,No Pothole,img (34).jpg,JPG,No,D:\final-project1\final year project\datasets\data\pothole\no\img (34).jpg
330,Pothole,No Pothole,img (35).jpg,JPG,No,D:\final-project1\final year project\datasets\data\pothole\no\img (35).jpg
331,Pothole,No Pothole,img (36).jpg,JPG,No,D:\final-project1\final year project\datasets\data\pothole\no\img (36).jpg
332,Pothole,No Pothole,img (37).jpg,JPG,No,D:\final-project1\final year project\datasets\data\pothole\no\img (37).jpg
333,Pothole,No Pothole,img (38).jpg,JPG,No,D:\final-project1\final year project\datasets\data\pothole\no\img (38).jpg
334,Pothole,No Pothole,img (39).jpg,JPG,No,D:\final-project1\final year project\datasets\data\pothole\no\img (39).jpg
335,Pothole,No Pothole,img (4).jpg,JPG,No,D:\final-project1\final year project\datasets\data\pothole\no\img (4).jpg
336,Pothole,No Pothole,img (40).jpg,JPG,No,D:\final-project1\final year project\datasets\data\pothole\no\img (40).jpg
337,Pothole,No Pothole,img (41).jpg,JPG,No,D:\final-project1\final year project\datasets\data\pothole\no\img (41).jpg
338,Pothole,No Pothole,img (42).jpg,JPG,No,D:\final-project1\final year project\datasets\data\pothole\no\img (42).jpg
339,Pothole,No Pothole,img (43).jpg,JPG,No,D:\final-project1\final year project\datasets\data\pothole\no\img (43).jpg
340,Pothole,No Pothole,img (44).jpg,JPG,No,D:\final-project1\final year project\datasets\data\pothole\no\img (44).jpg
341,Pothole,No Pothole,img (45).jpg,JPG,No,D:\final-project1\final year project\datasets\data\pothole\no\img (45).jpg
342,Pothole,No Pothole,img (46).jpg,JPG,No,D:\final-project1\final year project\datasets\data\pothole\no\img (46).jpg
343,Pothole,No Pothole,img (47).jpg,JPG,No,D:\final-project1\final year project\datasets\data\pothole\no\img (47).jpg
344,Pothole,No Pothole,img (48).jpg,JPG,No,D:\final-project1\final year project\datasets\data\pothole\no\img (48).jpg
345,Pothole,No Pothole,img (49).jpg,JPG,No,D:\final-project1\final year project\datasets\data\pothole\no\img (49).jpg
346,Pothole,No Pothole,img (5).jpg,JPG,No,D:\final-project1\final year project\datasets\data\pothole\no\img (5).jpg
347,Pothole,No Pothole,img (50).jpg,JPG,No,D:\final-project1\final year project\datasets\data\pothole\no\img (50).jpg
348,Pothole,No Pothole,img (51).jpg,JPG,No,D:\final-project1\final year project\datasets\data\pothole\no\img (51).jpg
349,Pothole,No Pothole,img (52).jpg,JPG,No,D:\final-project1\final year project\datasets\data\pothole\no\img (52).jpg
350,Pothole,No Pothole,img (53).jpg,JPG,No,D:\final-project1\final year project\datasets\data\pothole\no\img (53).jpg
351,Pothole,No Pothole,img (54).jpg,JPG,No,D:\final-project1\final year project\datasets\data\pothole\no\img (54).jpg
352,Pothole,No Pothole,img (55).jpg,JPG,No,D:\final-project1\final year project\datasets\data\pothole\no\img (55).jpg
353,Pothole,No Pothole,img (56).jpg,JPG,No,D:\final-project1\final year project\datasets\data\pothole\no\img (56).jpg
354,Pothole,No Pothole,img (57).jpg,JPG,No,D:\final-project1\final year project\datasets\data\pothole\no\img (57).jpg
355,Pothole,No Pothole,img (58).jpg,JPG,No,D:\final-project1\final year project\datasets\data\pothole\no\img (58).jpg
356,Pothole,No Pothole,img (59).jpg,JPG,No,D:\final-project1\final year project\datasets\data\pothole\no\img (59).jpg
357,Pothole,No Pothole,img (6).jpg,JPG,No,D:\final-project1\final year project\datasets\data\pothole\no\img (6).jpg
358,Pothole,No Pothole,img (60).jpg,JPG,No,D:\final-project1\final year project\datasets\data\pothole\no\img (60).jpg
359,Pothole,No Pothole,img (61).jpg,JPG,No,D:\final-project1\final year project\datasets\data\pothole\no\img (61).jpg
360,Pothole,No Pothole,img (62).jpg,JPG,No,D:\final-project1\final year project\datasets\data\pothole\no\img (62).jpg
361,Pothole,No Pothole,img (63).jpg,JPG,No,D:\final-project1\final year project\datasets\data\pothole\no\img (63).jpg
362,Pothole,No Pothole,img (64).jpg,JPG,No,D:\final-project1\final year project\datasets\data\pothole\no\img (64).jpg
363,Pothole,No Pothole,img (65).jpg,JPG,No,D:\final-project1\final year project\datasets\data\pothole\no\img (65).jpg
364,Pothole,No Pothole,img (66).jpg,JPG,No,D:\final-project1\final year project\datasets\data\pothole\no\img (66).jpg
365,Pothole,No Pothole,img (67).jpg,JPG,No,D:\final-project1\final year project\datasets\data\pothole\no\img (67).jpg
366,Pothole,No Pothole,img (68).jpg,JPG,No,D:\final-project1\final year project\datasets\data\pothole\no\img (68).jpg
367,Pothole,No Pothole,img (69).jpg,JPG,No,D:\final-project1\final year project\datasets\data\pothole\no\img (69).jpg
368,Pothole,No Pothole,img (7).jpg,JPG,No,D:\final-project1\final year project\datasets\data\pothole\no\img (7).jpg
369,Pothole,No Pothole,img (70).jpg,JPG,No,D:\final-project1\final year project\datasets\data\pothole\no\img (70).jpg
370,Pothole,No Pothole,img (71).jpg,JPG,No,D:\final-project1\final year project\datasets\data\pothole\no\img (71).jpg
371,Pothole,No Pothole,img (72).jpg,JPG,No,D:\final-project1\final year project\datasets\data\pothole\no\img (72).jpg
372,Pothole,No Pothole,img (73).jpg,JPG,No,D:\final-project1\final year project\datasets\data\pothole\no\img (73).jpg
373,Pothole,No Pothole,img (74).jpg,JPG,No,D:\final-project1\final year project\datasets\data\pothole\no\img (74).jpg
374,Pothole,No Pothole,img (75).jpg,JPG,No,D:\final-project1\final year project\datasets\data\pothole\no\img (75).jpg
375,Pothole,No Pothole,img (76).jpg,JPG,No,D:\final-project1\final year project\datasets\data\pothole\no\img (76).jpg
376,Pothole,No Pothole,img (77).jpg,JPG,No,D:\final-project1\final year project\datasets\data\pothole\no\img (77).jpg
377,Pothole,No Pothole,img (78).jpg,JPG,No,D:\final-project1\final year project\datasets\data\pothole\no\img (78).jpg
378,Pothole,No Pothole,img (79).jpg,JPG,No,D:\final-project1\final year project\datasets\data\pothole\no\img (79).jpg
379,Pothole,No Pothole,img (8).jpg,JPG,No,D:\final-project1\final year project\datasets\data\pothole\no\img (8).jpg
380,Pothole,No Pothole,img (80).jpg,JPG,No,D:\final-project1\final year project\datasets\data\pothole\no\img (80).jpg
381,Pothole,No Pothole,img (81).jpg,JPG,No,D:\final-project1\final year project\datasets\data\pothole\no\img (81).jpg
382,Pothole,No Pothole,img (82).jpg,JPG,No,D:\final-project1\final year project\datasets\data\pothole\no\img (82).jpg
383,Pothole,No Pothole,img (83).jpg,JPG,No,D:\final-project1\final year project\datasets\data\pothole\no\img (83).jpg
384,Pothole,No Pothole,img (84).jpg,JPG,No,D:\final-project1\final year project\datasets\data\pothole\no\img (84).jpg
385,Pothole,No Pothole,img (85).jpg,JPG,No,D:\final-project1\final year project\datasets\data\pothole\no\img (85).jpg
386,Pothole,No Pothole,img (86).jpg,JPG,No,D:\final-project1\final year project\datasets\data\pothole\no\img (86).jpg
387,Pothole,No Pothole,img (87).jpg,JPG,No,D:\final-project1\final year project\datasets\data\pothole\no\img (87).jpg
388,Pothole,No Pothole,img (88).jpg,JPG,No,D:\final-project1\final year project\datasets\data\pothole\no\img (88).jpg
389,Pothole,No Pothole,img (89).jpg,JPG,No,D:\final-project1\final year project\datasets\data\pothole\no\img (89).jpg
390,Pothole,No Pothole,img (9).jpg,JPG,No,D:\final-project1\final year project\datasets\data\pothole\no\img (9).jpg
391,Pothole,No Pothole,img (90).jpg,JPG,No,D:\final-project1\final year project\datasets\data\pothole\no\img (90).jpg
392,Pothole,No Pothole,img (91).jpg,JPG,No,D:\final-project1\final year project\datasets\data\pothole\no\img (91).jpg
393,Pothole,No Pothole,img (92).jpg,JPG,No,D:\final-project1\final year project\datasets\data\pothole\no\img (92).jpg
394,Pothole,No Pothole,img (93).jpg,JPG,No,D:\final-project1\final year project\datasets\data\pothole\no\img (93).jpg
395,Pothole,No Pothole,img (94).jpg,JPG,No,D:\final-project1\final year project\datasets\data\pothole\no\img (94).jpg
396,Pothole,No Pothole,img (95).jpg,JPG,No,D:\final-project1\final year project\datasets\data\pothole\no\img (95).jpg
397,Pothole,No Pothole,img (96).jpg,JPG,No,D:\final-project1\final year project\datasets\data\pothole\no\img (96).jpg
398,Pothole,No Pothole,img (97).jpg,JPG,No,D:\final-project1\final year project\datasets\data\pothole\no\img (97).jpg
399,Pothole,No Pothole,img (98).jpg,JPG,No,D:\final-project1\final year project\datasets\data\pothole\no\img (98).jpg
400,Pothole,No Pothole,img (99).jpg,JPG,No,D:\final-project1\final year project\datasets\data\pothole\no\img (99).jpg
401,Pothole,Has Pothole,Img (1).jpg,JPG,Yes,D:\final-project1\final year project\datasets\data\pothole\yes\Img (1).jpg
402,Pothole,Has Pothole,Img (10).jpg,JPG,Yes,D:\final-project1\final year project\datasets\data\pothole\yes\Img (10).jpg
403,Pothole,Has Pothole,Img (100).jpg,JPG,Yes,D:\final-project1\final year project\datasets\data\pothole\yes\Img (100).jpg
404,Pothole,Has Pothole,Img (11).jpg,JPG,Yes,D:\final-project1\final year project\datasets\data\pothole\yes\Img (11).jpg
405,Pothole,Has Pothole,Img (12).jpg,JPG,Yes,D:\final-project1\final year project\datasets\data\pothole\yes\Img (12).jpg
406,Pothole,Has Pothole,Img (13).jpg,JPG,Yes,D:\final-project1\final year project\datasets\data\pothole\yes\Img (13).jpg
407,Pothole,Has Pothole,Img (14).jpg,JPG,Yes,D:\final-project1\final year project\datasets\data\pothole\yes\Img (14).jpg
408,Pothole,Has Pothole,Img (15).jpg,JPG,Yes,D:\final-project1\final year project\datasets\data\pothole\yes\Img (15).jpg
409,Pothole,Has Pothole,Img (16).jpg,JPG,Yes,D:\final-project1\final year project\datasets\data\pothole\yes\Img (16).jpg
410,Pothole,Has Pothole,Img (17).jpg,JPG,Yes,D:\final-project1\final year project\datasets\data\pothole\yes\Img (17).jpg
411,Pothole,Has Pothole,Img (18).jpg,JPG,Yes,D:\final-project1\final year project\datasets\data\pothole\yes\Img (18).jpg
412,Pothole,Has Pothole,Img (19).jpg,JPG,Yes,D:\final-project1\final year project\datasets\data\pothole\yes\Img (19).jpg
413,Pothole,Has Pothole,Img (2).jpg,JPG,Yes,D:\final-project1\final year project\datasets\data\pothole\yes\Img (2).jpg
414,Pothole,Has Pothole,Img (20).jpg,JPG,Yes,D:\final-project1\final year project\datasets\data\pothole\yes\Img (20).jpg
415,Pothole,Has Pothole,Img (21).jpg,JPG,Yes,D:\final-project1\final year project\datasets\data\pothole\yes\Img (21).jpg
416,Pothole,Has Pothole,Img (22).jpg,JPG,Yes,D:\final-project1\final year project\datasets\data\pothole\yes\Img (22).jpg
417,Pothole,Has Pothole,Img (23).jpg,JPG,Yes,D:\final-project1\final year project\datasets\data\pothole\yes\Img (23).jpg
418,Pothole,Has Pothole,Img (24).jpg,JPG,Yes,D:\final-project1\final year project\datasets\data\pothole\yes\Img (24).jpg
419,Pothole,Has Pothole,Img (25).jpg,JPG,Yes,D:\final-project1\final year project\datasets\data\pothole\yes\Img (25).jpg
420,Pothole,Has Pothole,Img (26).jpg,JPG,Yes,D:\final-project1\final year project\datasets\data\pothole\yes\Img (26).jpg
421,Pothole,Has Pothole,Img (27).jpg,JPG,Yes,D:\final-project1\final year project\datasets\data\pothole\yes\Img (27).jpg
422,Pothole,Has Pothole,Img (28).jpg,JPG,Yes,D:\final-project1\final year project\datasets\data\pothole\yes\Img (28).jpg
423,Pothole,Has Pothole,Img (29).jpg,JPG,Yes,D:\final-project1\final year project\datasets\data\pothole\yes\Img (29).jpg
424,Pothole,Has Pothole,Img (3).jpg,JPG,Yes,D:\final-project1\final year project\datasets\data\pothole\yes\Img (3).jpg
425,Pothole,Has Pothole,Img (30).jpg,JPG,Yes,D:\final-project1\final year project\datasets\data\pothole\yes\Img (30).jpg
426,Pothole,Has Pothole,Img (31).jpg,JPG,Yes,D:\final-project1\final year project\datasets\data\pothole\yes\Img (31).jpg
427,Pothole,Has Pothole,Img (32).jpg,JPG,Yes,D:\final-project1\final year project\datasets\data\pothole\yes\Img (32).jpg
428,Pothole,Has Pothole,Img (33).jpg,JPG,Yes,D:\final-project1\final year project\datasets\data\pothole\yes\Img (33).jpg
429,Pothole,Has Pothole,Img (34).jpg,JPG,Yes,D:\final-project1\final year project\datasets\data\pothole\yes\Img (34).jpg
430,Pothole,Has Pothole,Img (35).jpg,JPG,Yes,D:\final-project1\final year project\datasets\data\pothole\yes\Img (35).jpg
431,Pothole,Has Pothole,Img (36).jpg,JPG,Yes,D:\final-project1\final year project\datasets\data\pothole\yes\Img (36).jpg
432,Pothole,Has Pothole,Img (37).jpg,JPG,Yes,D:\final-project1\final year project\datasets\data\pothole\yes\Img (37).jpg
433,Pothole,Has Pothole,Img (38).jpg,JPG,Yes,D:\final-project1\final year project\datasets\data\pothole\yes\Img (38).jpg
434,Pothole,Has Pothole,Img (39).jpg,JPG,Yes,D:\final-project1\final year project\datasets\data\pothole\yes\Img (39).jpg
435,Pothole,Has Pothole,Img (4).jpg,JPG,Yes,D:\final-project1\final year project\datasets\data\pothole\yes\Img (4).jpg
436,Pothole,Has Pothole,Img (40).jpg,JPG,Yes,D:\final-project1\final year project\datasets\data\pothole\yes\Img (40).jpg
437,Pothole,Has Pothole,Img (41).jpg,JPG,Yes,D:\final-project1\final year project\datasets\data\pothole\yes\Img (41).jpg
438,Pothole,Has Pothole,Img (42).jpg,JPG,Yes,D:\final-project1\final year project\datasets\data\pothole\yes\Img (42).jpg
439,Pothole,Has Pothole,Img (43).jpg,JPG,Yes,D:\final-project1\final year project\datasets\data\pothole\yes\Img (43).jpg
440,Pothole,Has Pothole,Img (44).jpg,JPG,Yes,D:\final-project1\final year project\datasets\data\pothole\yes\Img (44).jpg
441,Pothole,Has Pothole,Img (45).jpg,JPG,Yes,D:\final-project1\final year project\datasets\data\pothole\yes\Img (45).jpg
442,Pothole,Has Pothole,Img (46).jpg,JPG,Yes,D:\final-project1\final year project\datasets\data\pothole\yes\Img (46).jpg
443,Pothole,Has Pothole,Img (47).jpg,JPG,Yes,D:\final-project1\final year project\datasets\data\pothole\yes\Img (47).jpg
444,Pothole,Has Pothole,Img (48).jpg,JPG,Yes,D:\final-project1\final year project\datasets\data\pothole\yes\Img (48).jpg
445,Pothole,Has Pothole,Img (49).jpg,JPG,Yes,D:\final-project1\final year project\datasets\data\pothole\yes\Img (49).jpg
446,Pothole,Has Pothole,Img (5).jpg,JPG,Yes,D:\final-project1\final year project\datasets\data\pothole\yes\Img (5).jpg
447,Pothole,Has Pothole,Img (50).jpg,JPG,Yes,D:\final-project1\final year project\datasets\data\pothole\yes\Img (50).jpg
448,Pothole,Has Pothole,Img (51).jpg,JPG,Yes,D:\final-project1\final year project\datasets\data\pothole\yes\Img (51).jpg
449,Pothole,Has Pothole,Img (52).jpg,JPG,Yes,D:\final-project1\final year project\datasets\data\pothole\yes\Img (52).jpg
450,Pothole,Has Pothole,Img (53).jpg,JPG,Yes,D:\final-project1\final year project\datasets\data\pothole\yes\Img (53).jpg
451,Pothole,Has Pothole,Img (54).jpg,JPG,Yes,D:\final-project1\final year project\datasets\data\pothole\yes\Img (54).jpg
452,Pothole,Has Pothole,Img (55).jpg,JPG,Yes,D:\final-project1\final year project\datasets\data\pothole\yes\Img (55).jpg
453,Pothole,Has Pothole,Img (56).jpg,JPG,Yes,D:\final-project1\final year project\datasets\data\pothole\yes\Img (56).jpg
454,Pothole,Has Pothole,Img (57).jpg,JPG,Yes,D:\final-project1\final year project\datasets\data\pothole\yes\Img (57).jpg
455,Pothole,Has Pothole,Img (58).jpg,JPG,Yes,D:\final-project1\final year project\datasets\data\pothole\yes\Img (58).jpg
456,Pothole,Has Pothole,Img (59).jpg,JPG,Yes,D:\final-project1\final year project\datasets\data\pothole\yes\Img (59).jpg
457,Pothole,Has Pothole,Img (6).jpg,JPG,Yes,D:\final-project1\final year project\datasets\data\pothole\yes\Img (6).jpg
458,Pothole,Has Pothole,Img (60).jpg,JPG,Yes,D:\final-project1\final year project\datasets\data\pothole\yes\Img (60).jpg
459,Pothole,Has Pothole,Img (61).jpg,JPG,Yes,D:\final-project1\final year project\datasets\data\pothole\yes\Img (61).jpg
460,Pothole,Has Pothole,Img (62).jpg,JPG,Yes,D:\final-project1\final year project\datasets\data\pothole\yes\Img (62).jpg
461,Pothole,Has Pothole,Img (63).jpg,JPG,Yes,D:\final-project1\final year project\datasets\data\pothole\yes\Img (63).jpg
462,Pothole,Has Pothole,Img (64).jpg,JPG,Yes,D:\final-project1\final year project\datasets\data\pothole\yes\Img (64).jpg
463,Pothole,Has Pothole,Img (65).jpg,JPG,Yes,D:\final-project1\final year project\datasets\data\pothole\yes\Img (65).jpg
464,Pothole,Has Pothole,Img (66).jpg,JPG,Yes,D:\final-project1\final year project\datasets\data\pothole\yes\Img (66).jpg
465,Pothole,Has Pothole,Img (67).jpg,JPG,Yes,D:\final-project1\final year project\datasets\data\pothole\yes\Img (67).jpg
466,Pothole,Has Pothole,Img (68).jpg,JPG,Yes,D:\final-project1\final year project\datasets\data\pothole\yes\Img (68).jpg
467,Pothole,Has Pothole,Img (69).jpg,JPG,Yes,D:\final-project1\final year project\datasets\data\pothole\yes\Img (69).jpg
468,Pothole,Has Pothole,Img (7).jpg,JPG,Yes,D:\final-project1\final year project\datasets\data\pothole\yes\Img (7).jpg
469,Pothole,Has Pothole,Img (70).jpg,JPG,Yes,D:\final-project1\final year project\datasets\data\pothole\yes\Img (70).jpg
470,Pothole,Has Pothole,Img (71).jpg,JPG,Yes,D:\final-project1\final year project\datasets\data\pothole\yes\Img (71).jpg
471,Pothole,Has Pothole,Img (72).jpg,JPG,Yes,D:\final-project1\final year project\datasets\data\pothole\yes\Img (72).jpg
472,Pothole,Has Pothole,Img (73).jpg,JPG,Yes,D:\final-project1\final year project\datasets\data\pothole\yes\Img (73).jpg
473,Pothole,Has Pothole,Img (74).jpg,JPG,Yes,D:\final-project1\final year project\datasets\data\pothole\yes\Img (74).jpg
474,Pothole,Has Pothole,Img (75).jpg,JPG,Yes,D:\final-project1\final year project\datasets\data\pothole\yes\Img (75).jpg
475,Pothole,Has Pothole,Img (76).jpg,JPG,Yes,D:\final-project1\final year project\datasets\data\pothole\yes\Img (76).jpg
476,Pothole,Has Pothole,Img (77).jpg,JPG,Yes,D:\final-project1\final year project\datasets\data\pothole\yes\Img (77).jpg
477,Pothole,Has Pothole,Img (78).jpg,JPG,Yes,D:\final-project1\final year project\datasets\data\pothole\yes\Img (78).jpg
478,Pothole,Has Pothole,Img (79).jpg,JPG,Yes,D:\final-project1\final year project\datasets\data\pothole\yes\Img (79).jpg
479,Pothole,Has Pothole,Img (8).jpg,JPG,Yes,D:\final-project1\final year project\datasets\data\pothole\yes\Img (8).jpg
480,Pothole,Has Pothole,Img (80).jpg,JPG,Yes,D:\final-project1\final year project\datasets\data\pothole\yes\Img (80).jpg
481,Pothole,Has Pothole,Img (81).jpg,JPG,Yes,D:\final-project1\final year project\datasets\data\pothole\yes\Img (81).jpg
482,Pothole,Has Pothole,Img (82).jpg,JPG,Yes,D:\final-project1\final year project\datasets\data\pothole\yes\Img (82).jpg
483,Pothole,Has Pothole,Img (83).jpg,JPG,Yes,D:\final-project1\final year project\datasets\data\pothole\yes\Img (83).jpg
484,Pothole,Has Pothole,Img (84).jpg,JPG,Yes,D:\final-project1\final year project\datasets\data\pothole\yes\Img (84).jpg
485,Pothole,Has Pothole,Img (85).jpg,JPG,Yes,D:\final-project1\final year project\datasets\data\pothole\yes\Img (85).jpg
486,Pothole,Has Pothole,Img (86).jpg,JPG,Yes,D:\final-project1\final year project\datasets\data\pothole\yes\Img (86).jpg
487,Pothole,Has Pothole,Img (87).jpg,JPG,Yes,D:\final-project1\final year project\datasets\data\pothole\yes\Img (87).jpg
488,Pothole,Has Pothole,Img (88).jpg,JPG,Yes,D:\final-project1\final year project\datasets\data\pothole\yes\Img (88).jpg
489,Pothole,Has Pothole,Img (89).jpg,JPG,Yes,D:\final-project1\final year project\datasets\data\pothole\yes\Img (89).jpg
490,Pothole,Has Pothole,Img (9).jpg,JPG,Yes,D:\final-project1\final year project\datasets\data\pothole\yes\Img (9).jpg
491,Pothole,Has Pothole,Img (90).jpg,JPG,Yes,D:\final-project1\final year project\datasets\data\pothole\yes\Img (90).jpg
492,Pothole,Has Pothole,Img (91).jpg,JPG,Yes,D:\final-project1\final year project\datasets\data\pothole\yes\Img (91).jpg
493,Pothole,Has Pothole,Img (92).jpg,JPG,Yes,D:\final-project1\final year project\datasets\data\pothole\yes\Img (92).jpg
494,Pothole,Has Pothole,Img (93).jpg,JPG,Yes,D:\final-project1\final year project\datasets\data\pothole\yes\Img (93).jpg
495,Pothole,Has Pothole,Img (94).jpg,JPG,Yes,D:\final-project1\final year project\datasets\data\pothole\yes\Img (94).jpg
496,Pothole,Has Pothole,Img (95).jpg,JPG,Yes,D:\final-project1\final year project\datasets\data\pothole\yes\Img (95).jpg
497,Pothole,Has Pothole,Img (96).jpg,JPG,Yes,D:\final-project1\final year project\datasets\data\pothole\yes\Img (96).jpg
498,Pothole,Has Pothole,Img (97).jpg,JPG,Yes,D:\final-project1\final year project\datasets\data\pothole\yes\Img (97).jpg
499,Pothole,Has Pothole,Img (98).jpg,JPG,Yes,D:\final-project1\final year project\datasets\data\pothole\yes\Img (98).jpg
500,Pothole,Has Pothole,Img (99).jpg,JPG,Yes,D:\final-project1\final year project\datasets\data\pothole\yes\Img (99).jpg
